update,wall_time,total_env_steps,avg_reward,avg_ep_length,kill_rate,win_rate,elo,policy_loss,value_loss,entropy,lr,fps
1,1.1,49152,-3.7500,62.2,1.0000,0.3125,943.4,-0.001770,0.836677,1.632257,3.000000e-04,46403
10,7.4,491520,-11.2000,279.9,0.2400,0.1300,1003.0,-0.002906,2.124552,1.610512,2.994600e-04,69827
20,14.4,983040,-10.7500,288.6,0.2100,0.1600,1060.6,-0.004248,2.727355,1.639202,2.988600e-04,73205
30,21.5,1474560,-7.9000,249.2,0.4200,0.2500,1102.4,-0.002888,3.648298,1.640801,2.982600e-04,70774
40,28.4,1966080,-8.7500,249.5,0.4500,0.2000,1108.3,-0.005266,2.845368,1.644737,2.976600e-04,71315
50,35.2,2457600,-5.3000,209.3,0.5800,0.3400,1089.3,-0.004852,4.875071,1.648716,2.970600e-04,69426
60,42.2,2949120,-4.7500,228.6,0.5300,0.3800,1203.0,-0.006715,5.717091,1.623906,2.964600e-04,68732
70,49.2,3440640,-0.3500,161.9,0.8000,0.5300,1301.8,-0.007806,4.760619,1.618909,2.958600e-04,70463
80,56.2,3932160,5.9500,134.8,0.9100,0.8200,1323.5,-0.005881,3.477326,1.666972,2.952600e-04,73463
90,63.3,4423680,-0.3500,142.8,0.8400,0.5200,1261.4,-0.007194,5.904180,1.639078,2.946600e-04,64114
100,70.5,4915200,2.2500,179.2,0.6900,0.6900,1398.3,-0.003453,3.174824,1.663950,2.940600e-04,71554
110,77.9,5406720,-0.6500,123.3,0.9500,0.4800,1255.4,-0.007186,6.170473,1.634824,2.934600e-04,68943
120,85.2,5898240,0.1500,96.4,0.9800,0.5100,1307.3,-0.006193,5.790209,1.614276,2.928600e-04,65873
130,92.5,6389760,0.3000,90.4,0.9800,0.5200,1394.9,-0.007344,6.767006,1.616051,2.922600e-04,65306
140,99.9,6881280,8.0000,136.6,0.9200,0.9200,1420.3,-0.006465,1.617508,1.646775,2.916600e-04,70623
150,107.2,7372800,-0.7000,100.8,0.9800,0.4700,1327.4,-0.006861,7.180930,1.577811,2.910600e-04,65306
160,114.6,7864320,1.6500,115.6,0.9700,0.5900,1395.9,-0.008589,5.119331,1.599892,2.904600e-04,63377
170,121.9,8355840,4.2500,135.5,0.8900,0.7400,1415.5,-0.007176,3.143577,1.638082,2.898600e-04,66892
180,129.4,8847360,5.6500,140.0,0.8900,0.8100,1413.0,-0.008715,3.025563,1.628733,2.892600e-04,65154
190,136.8,9338880,4.2000,111.8,0.9600,0.7200,1547.6,-0.008960,4.108202,1.608824,2.886600e-04,66697
200,144.2,9830400,2.9500,117.2,0.9500,0.6600,1436.1,-0.008272,5.059766,1.598271,2.880600e-04,66122
210,151.6,10321920,1.8500,108.0,0.9700,0.6000,1432.6,-0.010004,6.175418,1.583049,2.874600e-04,64127
220,159.1,10813440,0.3500,110.1,0.9900,0.5200,1458.0,-0.008658,5.522303,1.586270,2.868600e-04,67147
230,166.3,11304960,1.8500,122.2,0.9700,0.6000,1441.5,-0.008226,5.364197,1.548741,2.862600e-04,65623
240,173.5,11796480,3.9500,107.0,0.9500,0.7100,1496.9,-0.008844,6.175803,1.584179,2.856600e-04,66174
250,181.0,12288000,4.1000,112.2,0.9400,0.7200,1511.8,-0.009542,4.878264,1.557011,2.850600e-04,67061
260,188.5,12779520,-0.5000,113.8,0.9800,0.4800,1507.1,-0.009028,5.876207,1.547830,2.844600e-04,65110
270,195.9,13271040,8.6500,92.0,0.9700,0.9400,1575.1,-0.010813,2.508551,1.624433,2.838600e-04,67669
280,203.4,13762560,0.5000,112.2,0.9800,0.5300,1441.0,-0.009555,4.344656,1.584917,2.832600e-04,65597
290,210.7,14254080,8.0500,114.5,0.9700,0.9100,1486.2,-0.010268,2.802739,1.622847,2.826600e-04,65467
300,218.2,14745600,1.6500,117.2,0.9700,0.5900,1570.7,-0.010997,5.250594,1.588876,2.820600e-04,67424
310,225.3,15237120,1.0500,128.5,0.9600,0.5600,1559.5,-0.011330,4.674961,1.564675,2.814600e-04,67171
320,232.9,15728640,6.4500,105.9,0.9700,0.8300,1564.1,-0.012798,4.034959,1.569030,2.808600e-04,64510
330,240.3,16220160,4.9000,97.8,0.9800,0.7500,1492.3,-0.009949,5.017236,1.573002,2.802600e-04,64708
340,247.6,16711680,9.5000,97.8,0.9800,0.9800,1563.3,-0.008472,1.665597,1.650679,2.796600e-04,73113
350,255.0,17203200,6.3500,109.7,0.9400,0.8300,1566.1,-0.012413,3.560137,1.581859,2.790600e-04,67759
360,262.4,17694720,0.9500,132.7,0.9500,0.5600,1611.0,-0.010391,4.606149,1.580872,2.784600e-04,65961
370,269.6,18186240,1.3500,136.2,0.9500,0.5800,1496.2,-0.010531,4.453624,1.577304,2.778600e-04,66554
380,277.0,18677760,1.3000,117.9,0.9000,0.5900,1581.5,-0.012069,5.134657,1.576144,2.772600e-04,65962
390,284.2,19169280,-0.3500,120.2,0.9700,0.4900,1540.0,-0.011543,5.340156,1.591986,2.766600e-04,68652
400,291.5,19660800,0.0000,135.3,0.9200,0.5200,1508.6,-0.011071,4.212214,1.567102,2.760600e-04,66564
410,298.7,20152320,5.6500,109.8,0.9300,0.8000,1482.8,-0.010422,4.440646,1.588519,2.754600e-04,67023
420,306.0,20643840,0.7000,114.6,0.9200,0.5500,1624.0,-0.010847,4.858510,1.565649,2.748600e-04,65459
430,313.2,21135360,4.7500,112.5,0.9500,0.7500,1475.7,-0.010548,4.636576,1.551627,2.742600e-04,66803
440,320.6,21626880,-0.1500,120.7,0.9700,0.5000,1605.7,-0.012651,5.129549,1.595183,2.736600e-04,67140
450,328.0,22118400,0.7000,129.8,0.9800,0.5400,1667.2,-0.012229,3.634655,1.582856,2.730600e-04,66025
460,335.3,22609920,-2.0500,124.8,0.9400,0.4100,1497.7,-0.012920,4.540520,1.573030,2.724600e-04,68252
470,342.7,23101440,8.5500,92.9,0.9900,0.9300,1561.6,-0.011448,2.779510,1.612525,2.718600e-04,67151
480,350.0,23592960,6.0500,101.5,0.9700,0.8100,1622.3,-0.011376,4.241004,1.658046,2.712600e-04,64844
490,357.4,24084480,-3.2500,126.4,0.9400,0.3500,1589.6,-0.012478,4.207722,1.569697,2.706600e-04,67121
500,364.7,24576000,6.9000,130.8,0.9000,0.8700,1557.9,-0.012974,2.707133,1.613694,2.700600e-04,68292
510,372.0,25067520,5.2500,103.4,0.9700,0.7700,1569.6,-0.012661,3.525611,1.599336,2.694600e-04,64849
520,379.4,25559040,-1.5500,138.4,0.9200,0.4400,1632.5,-0.011688,4.384823,1.576965,2.688600e-04,66673
530,386.7,26050560,1.5500,135.1,0.9400,0.5900,1708.3,-0.010796,4.872619,1.578349,2.682600e-04,65337
540,394.2,26542080,-1.1500,112.0,0.9700,0.4500,1512.4,-0.011673,5.650646,1.578601,2.676600e-04,65182
550,401.7,27033600,3.5500,113.7,0.9400,0.6900,1574.0,-0.011376,4.520903,1.555395,2.670600e-04,65481
560,409.1,27525120,9.7500,78.9,0.9900,0.9900,1680.5,-0.009689,1.480182,1.612363,2.664600e-04,71196
570,416.6,28016640,-2.9000,134.2,0.9000,0.3800,1563.7,-0.013775,4.356845,1.596308,2.658600e-04,65280
580,424.0,28508160,8.5000,92.8,0.9400,0.9400,1572.1,-0.007682,1.950068,1.645156,2.652600e-04,70456
590,431.6,28999680,-2.1500,115.9,0.9500,0.4000,1583.2,-0.011931,4.336995,1.577610,2.646600e-04,61873
600,439.0,29491200,-2.5000,115.9,0.9400,0.3900,1581.3,-0.013783,4.443187,1.581364,2.640600e-04,63232
610,446.5,29982720,0.8500,103.0,0.9700,0.5500,1534.6,-0.014220,5.163637,1.576254,2.634600e-04,63837
620,453.9,30474240,5.7500,103.3,0.9400,0.8000,1594.1,-0.012668,4.050159,1.616462,2.628600e-04,66470
630,461.3,30965760,2.9000,121.5,0.9600,0.6500,1666.5,-0.011749,4.653810,1.574910,2.622600e-04,61558
640,468.8,31457280,0.5500,107.9,0.9500,0.5400,1646.7,-0.013736,5.659356,1.571741,2.616600e-04,65285
650,476.3,31948800,4.0500,111.0,0.9600,0.7100,1610.2,-0.014779,4.565315,1.579849,2.610600e-04,64718
660,483.7,32440320,9.7500,91.4,0.9900,0.9900,1649.3,-0.011745,1.953197,1.613924,2.604600e-04,71756
670,491.1,32931840,9.5000,89.9,0.9800,0.9800,1601.8,-0.011760,2.033172,1.621921,2.598600e-04,74073
680,498.5,33423360,1.2500,116.9,0.9500,0.5700,1675.3,-0.012679,5.583390,1.617744,2.592600e-04,64956
690,505.9,33914880,8.0000,102.3,0.9200,0.9200,1617.9,-0.010765,2.160436,1.604095,2.586600e-04,71364
700,513.4,34406400,-0.5000,120.6,0.9800,0.4800,1742.3,-0.013335,4.914233,1.563923,2.580600e-04,64462
710,520.9,34897920,-2.0000,122.8,0.9600,0.4100,1675.8,-0.014027,4.857097,1.555731,2.574600e-04,64532
720,528.1,35389440,8.5000,109.2,0.9400,0.9400,1708.5,-0.009475,1.655477,1.612322,2.568600e-04,74773
730,535.6,35880960,0.0500,118.6,0.9700,0.5100,1652.1,-0.013187,4.919978,1.545756,2.562600e-04,66240
740,543.0,36372480,2.4500,107.6,0.9700,0.6300,1701.7,-0.011699,4.941406,1.606221,2.556600e-04,64336
750,550.4,36864000,-1.0500,123.1,0.9500,0.4600,1741.6,-0.012365,4.903150,1.586195,2.550600e-04,65585
760,557.9,37355520,2.9000,139.1,0.9400,0.6600,1774.5,-0.014233,4.654372,1.559710,2.544600e-04,64807
770,565.4,37847040,-1.4000,116.4,0.9300,0.4400,1721.7,-0.014669,5.285154,1.582379,2.538600e-04,65567
780,572.7,38338560,2.2000,120.7,0.9500,0.6200,1679.1,-0.013333,5.576183,1.575537,2.532600e-04,68163
790,580.0,38830080,0.8000,108.5,0.9600,0.5500,1665.5,-0.012795,5.139027,1.553962,2.526600e-04,68088
800,587.2,39321600,1.9000,109.0,0.9800,0.6000,1605.1,-0.012079,5.934924,1.539418,2.520600e-04,67272
810,594.5,39813120,1.1500,110.1,0.9400,0.5700,1615.2,-0.014396,5.524276,1.554686,2.514600e-04,66963
820,601.7,40304640,10.0000,84.2,1.0000,1.0000,1668.5,-0.011059,2.189475,1.609227,2.508600e-04,71551
830,609.0,40796160,-1.1500,118.4,0.9600,0.4500,1696.2,-0.012281,5.542107,1.544230,2.502600e-04,65708
840,616.3,41287680,-0.8500,112.7,0.9800,0.4600,1655.8,-0.012913,5.645736,1.563562,2.496600e-04,66001
850,623.7,41779200,2.8500,135.3,0.9300,0.6600,1798.3,-0.014288,3.892483,1.544086,2.490600e-04,66058
860,631.0,42270720,-0.0500,135.3,0.9500,0.5100,1791.6,-0.013413,5.034578,1.541142,2.484600e-04,66169
870,638.3,42762240,-1.7000,103.3,0.9600,0.4200,1743.2,-0.012362,5.946891,1.515491,2.478600e-04,66019
880,645.9,43253760,0.5000,117.1,0.9800,0.5300,1751.0,-0.014684,6.159088,1.535526,2.472600e-04,61612
890,653.4,43745280,0.8500,105.1,0.9600,0.5500,1753.7,-0.012714,5.427248,1.567534,2.466600e-04,64227
900,660.9,44236800,1.5500,113.4,0.9500,0.5900,1784.0,-0.012278,6.144649,1.582242,2.460600e-04,62606
910,668.3,44728320,9.0000,85.7,0.9600,0.9600,1731.5,-0.008787,2.112668,1.592121,2.454600e-04,72214
920,675.6,45219840,2.3500,122.5,0.9500,0.6300,1771.2,-0.013954,5.310813,1.559415,2.448600e-04,67018
930,683.1,45711360,-2.9500,114.1,0.9700,0.3600,1674.4,-0.014119,5.733073,1.574535,2.442600e-04,64973
940,690.4,46202880,2.8500,107.8,0.9700,0.6500,1744.8,-0.013110,5.063655,1.577033,2.436600e-04,63391
950,697.9,46694400,-0.1000,116.7,0.9200,0.5100,1775.5,-0.013274,6.195362,1.522289,2.430600e-04,64840
960,705.4,47185920,-1.2500,112.3,0.9700,0.4400,1766.7,-0.012371,5.907305,1.540298,2.424600e-04,64910
970,712.9,47677440,0.2500,151.6,0.8900,0.5400,1717.2,-0.013214,4.288976,1.537068,2.418600e-04,65895
980,720.2,48168960,1.9000,106.7,0.9500,0.6000,1776.9,-0.013221,4.150164,1.591706,2.412600e-04,64508
990,727.6,48660480,-0.1500,112.7,0.9200,0.5100,1797.2,-0.012240,6.283141,1.592130,2.406600e-04,63891
1000,734.9,49152000,8.7500,99.4,0.9500,0.9500,1755.7,-0.009852,2.610808,1.606617,2.400600e-04,73244
1010,742.2,49643520,2.1500,118.9,0.9100,0.6300,1787.6,-0.012232,5.528155,1.532765,2.394600e-04,67543
1020,749.6,50135040,0.3000,124.7,0.9400,0.5300,1747.7,-0.013865,4.937622,1.551747,2.388600e-04,64720
1030,757.3,50626560,2.3000,100.7,0.9800,0.6200,1753.7,-0.014310,5.255477,1.529163,2.382600e-04,64337
1040,764.6,51118080,3.4000,116.4,0.9400,0.6800,1792.5,-0.014832,5.297530,1.554579,2.376600e-04,65751
1050,772.1,51609600,-0.9000,116.2,0.9400,0.4700,1738.2,-0.013911,5.296540,1.584051,2.370600e-04,63569
1060,779.6,52101120,-0.4000,127.6,0.9000,0.5000,1744.7,-0.013370,6.017687,1.553625,2.364600e-04,65991
1070,786.9,52592640,0.0000,108.0,0.9400,0.5100,1751.1,-0.013078,6.357709,1.561552,2.358600e-04,65355
1080,794.3,53084160,-0.6000,96.5,0.9800,0.4700,1807.3,-0.013942,6.957923,1.557652,2.352600e-04,64441
1090,801.8,53575680,9.7500,86.6,0.9900,0.9900,1815.6,-0.010906,1.159800,1.651805,2.346600e-04,71804
1100,809.3,54067200,-0.3500,99.2,0.9700,0.4900,1836.9,-0.014395,5.731438,1.524417,2.340600e-04,63272
1110,816.8,54558720,-0.4500,112.8,0.9900,0.4800,1781.5,-0.015302,5.984073,1.529349,2.334600e-04,66333
1120,824.2,55050240,-1.7000,156.9,0.8900,0.4400,1813.2,-0.014546,4.495254,1.516476,2.328600e-04,66673
1130,831.7,55541760,2.3000,97.5,0.9700,0.6200,1860.1,-0.012879,5.700848,1.552763,2.322600e-04,63067
1140,839.4,56033280,0.5000,116.8,0.9300,0.5400,1742.7,-0.013669,6.753867,1.549916,2.316600e-04,65030
1150,846.9,56524800,0.8000,109.9,0.9900,0.5400,1764.6,-0.014090,6.367362,1.507466,2.310600e-04,62764
1160,854.1,57016320,9.7500,83.0,0.9900,0.9900,1814.0,-0.012052,1.645367,1.552958,2.304600e-04,72327
1170,861.5,57507840,0.1000,140.4,0.9300,0.5200,1789.8,-0.012767,4.885679,1.528520,2.298600e-04,66831
1180,868.8,57999360,0.6000,119.1,0.9600,0.5400,1835.4,-0.014851,4.930707,1.535180,2.292600e-04,66473
1190,876.2,58490880,0.9000,123.5,0.9700,0.5500,1796.9,-0.014643,5.164934,1.541488,2.286600e-04,63947
1200,883.6,58982400,8.5000,97.3,0.9400,0.9400,1674.1,-0.011754,2.254952,1.584590,2.280600e-04,72630
1210,890.9,59473920,-0.6500,123.9,0.9300,0.4800,1740.5,-0.012798,5.958791,1.543873,2.274600e-04,66076
1220,898.2,59965440,10.0000,73.1,1.0000,1.0000,1836.7,-0.011476,2.423104,1.577489,2.268600e-04,72399
1230,905.6,60456960,-1.9000,122.1,0.9400,0.4200,1829.7,-0.013806,5.063469,1.508869,2.262600e-04,66342
1240,913.0,60948480,-1.6500,139.4,0.9300,0.4300,1766.7,-0.015968,4.413736,1.540921,2.256600e-04,65688
1250,920.6,61440000,2.4000,110.6,0.9900,0.6200,1882.6,-0.013526,4.929571,1.530604,2.250600e-04,62357
1260,928.1,61931520,-0.2500,117.9,0.9800,0.4900,1857.3,-0.013195,6.295535,1.524778,2.244600e-04,66625
1270,935.4,62423040,-3.8000,139.0,0.9000,0.3300,1760.9,-0.013401,5.391071,1.526563,2.238600e-04,65873
1280,942.8,62914560,3.3000,113.5,0.9800,0.6700,1778.1,-0.014556,4.041263,1.568475,2.232600e-04,64060
1290,950.2,63406080,-1.0500,110.8,0.9300,0.4600,1822.4,-0.013777,5.984913,1.484854,2.226600e-04,66131
1300,957.6,63897600,-0.1500,131.8,0.9600,0.5000,1914.2,-0.013615,5.326915,1.521113,2.220600e-04,64741
1310,965.1,64389120,0.2000,142.1,0.9600,0.5200,1876.3,-0.013747,4.809361,1.562430,2.214600e-04,66161
1320,972.5,64880640,2.1000,133.3,0.9200,0.6200,1887.2,-0.014513,5.179038,1.530668,2.208600e-04,66635
1330,979.9,65372160,3.2000,128.6,0.9200,0.6800,1818.9,-0.013845,5.503901,1.531308,2.202600e-04,62991
1340,987.1,65863680,0.6000,129.8,0.9500,0.5400,1779.5,-0.014507,5.397083,1.558324,2.196600e-04,67850
1350,994.6,66355200,0.6500,150.5,0.9100,0.5500,1817.6,-0.014972,3.853830,1.541146,2.190600e-04,67551
1360,1001.8,66846720,-2.4000,145.6,0.8700,0.4100,1891.9,-0.014424,4.628568,1.574427,2.184600e-04,66358
1370,1009.1,67338240,-0.6500,121.4,0.9500,0.4800,1871.6,-0.012987,5.766852,1.516587,2.178600e-04,67989
1380,1016.5,67829760,-2.2500,157.1,0.8900,0.4100,1811.2,-0.014096,4.218724,1.560898,2.172600e-04,67072
1390,1023.8,68321280,9.2500,71.7,0.9700,0.9700,1794.8,-0.011200,2.385994,1.569837,2.166600e-04,72227
1400,1031.3,68812800,2.0000,120.3,1.0000,0.6000,1795.3,-0.014671,5.697321,1.568596,2.160600e-04,65321
1410,1038.6,69304320,9.7500,87.8,0.9900,0.9900,1846.7,-0.011404,2.844312,1.601380,2.154600e-04,71492
1420,1046.0,69795840,-0.2500,128.5,0.9400,0.4900,1860.5,-0.013322,6.236504,1.548476,2.148600e-04,63576
1430,1053.6,70287360,-2.7000,127.2,0.9400,0.3800,1704.3,-0.015301,4.828042,1.529674,2.142600e-04,63428
1440,1060.9,70778880,-1.0000,155.4,0.9000,0.4700,1870.8,-0.014527,4.773354,1.526794,2.136600e-04,68397
1450,1068.2,71270400,9.2500,92.4,0.9700,0.9700,1845.5,-0.010400,2.891375,1.575422,2.130600e-04,72836
1460,1075.5,71761920,-0.8000,123.5,0.9400,0.4700,1852.6,-0.013363,5.314701,1.554621,2.124600e-04,67323
1470,1083.0,72253440,-1.6000,124.6,0.9400,0.4300,1787.2,-0.013895,5.197142,1.504678,2.118600e-04,66285
1480,1090.4,72744960,4.0000,117.6,0.9600,0.7100,1946.1,-0.012546,6.410658,1.489460,2.112600e-04,64811
1490,1097.9,73236480,-0.1000,126.8,0.9500,0.5000,1863.8,-0.013947,5.844727,1.524227,2.106600e-04,65820
1500,1105.3,73728000,0.8000,128.7,1.0000,0.5400,1861.7,-0.014083,5.240082,1.552585,2.100600e-04,66382
1510,1112.6,74219520,-1.4500,153.7,0.9100,0.4400,1789.6,-0.013258,4.443191,1.538340,2.094600e-04,67661
1520,1119.8,74711040,1.8000,96.2,0.9900,0.5900,1788.6,-0.014694,7.613979,1.508695,2.088600e-04,65425
1530,1127.3,75202560,2.3500,124.2,0.9900,0.6200,1899.8,-0.013169,5.289779,1.495078,2.082600e-04,66488
1540,1134.6,75694080,-0.3500,137.0,0.9600,0.4900,1880.0,-0.015831,4.670297,1.521284,2.076600e-04,66339
1550,1141.8,76185600,2.2500,121.6,0.9600,0.6200,1832.6,-0.014114,5.400678,1.527828,2.070600e-04,64872
1560,1149.2,76677120,-0.1000,107.0,0.9800,0.5000,1845.9,-0.012340,6.887268,1.527736,2.064600e-04,63732
1570,1156.7,77168640,8.5000,88.8,0.9400,0.9400,1890.4,-0.012059,3.216812,1.567187,2.058600e-04,71919
1580,1164.0,77660160,0.2000,147.4,0.8400,0.5500,1874.2,-0.014986,4.311525,1.586802,2.052600e-04,63061
1590,1171.7,78151680,1.3500,139.6,0.9500,0.5800,1882.5,-0.014665,4.205534,1.518378,2.046600e-04,62494
1600,1179.0,78643200,0.9500,128.8,0.9400,0.5600,1906.1,-0.014856,6.065893,1.515677,2.040600e-04,67004
1610,1186.3,79134720,1.4500,141.2,0.9500,0.5800,1891.0,-0.013807,5.084539,1.544508,2.034600e-04,66043
1620,1193.7,79626240,-2.1500,150.7,0.9400,0.4000,1798.0,-0.013736,4.737033,1.524671,2.028600e-04,66536
1630,1201.0,80117760,-2.3500,160.6,0.9300,0.4000,1815.7,-0.014214,5.448917,1.541513,2.022600e-04,66336
1640,1208.3,80609280,-1.8000,146.1,0.9200,0.4300,1814.1,-0.013020,5.396486,1.543853,2.016600e-04,69108
1650,1215.7,81100800,-1.1000,139.4,0.9300,0.4600,1743.6,-0.012644,6.047143,1.539865,2.010600e-04,64237
1660,1223.0,81592320,-1.1000,136.7,0.9700,0.4500,1749.8,-0.013272,6.041546,1.554008,2.004600e-04,65007
1670,1230.4,82083840,-2.9000,170.1,0.9200,0.3700,1722.4,-0.014114,4.242466,1.559497,1.998600e-04,67603
1680,1237.6,82575360,9.5000,83.5,0.9800,0.9800,1868.5,-0.008549,1.563391,1.597325,1.992600e-04,72926
1690,1244.8,83066880,8.5000,104.0,0.9400,0.9400,1792.4,-0.011435,2.680544,1.612209,1.986600e-04,73181
1700,1252.1,83558400,-1.2000,185.2,0.8500,0.4700,1887.8,-0.013361,3.799725,1.555716,1.980600e-04,67405
1710,1259.5,84049920,-2.9500,160.8,0.8800,0.3800,1826.5,-0.013493,4.705356,1.550948,1.974600e-04,65899
1720,1266.9,84541440,0.2000,148.3,0.8800,0.5400,1804.5,-0.013671,5.071854,1.518460,1.968600e-04,65882
1730,1274.2,85032960,10.0000,75.1,1.0000,1.0000,1850.0,-0.009751,2.296407,1.572040,1.962600e-04,73458
1740,1281.6,85524480,2.0500,140.8,0.9600,0.6100,1883.1,-0.015031,4.762460,1.533371,1.956600e-04,66057
1750,1288.9,86016000,-2.3500,186.1,0.8300,0.4200,1933.2,-0.013822,4.229063,1.573481,1.950600e-04,67066
1760,1296.3,86507520,0.7000,139.3,0.9700,0.5400,1854.5,-0.013523,6.191441,1.511345,1.944600e-04,66338
1770,1303.7,86999040,-0.6000,129.7,0.9400,0.4800,1815.0,-0.013479,5.137575,1.506687,1.938600e-04,65706
1780,1311.1,87490560,-1.1000,125.1,0.9200,0.4600,1786.2,-0.013141,5.586622,1.593714,1.932600e-04,64425
1790,1318.7,87982080,0.5500,147.4,0.9400,0.5400,1805.4,-0.015694,4.660195,1.513128,1.926600e-04,61624
1800,1326.3,88473600,0.3500,147.7,0.9800,0.5200,1853.7,-0.013867,4.322440,1.518416,1.920600e-04,64561
1810,1333.8,88965120,-0.1000,133.5,0.9800,0.5000,1874.6,-0.012712,6.488577,1.550889,1.914600e-04,63971
1820,1341.3,89456640,0.1500,134.3,0.9500,0.5200,1899.5,-0.014394,5.676237,1.518496,1.908600e-04,67918
1830,1348.5,89948160,0.1000,130.8,0.8900,0.5300,1902.4,-0.011523,6.429286,1.549927,1.902600e-04,67117
1840,1355.7,90439680,-0.3500,121.8,0.9700,0.4900,1818.6,-0.013966,5.700430,1.540821,1.896600e-04,66756
1850,1363.0,90931200,1.0000,127.7,0.9500,0.5600,1871.7,-0.013179,6.007166,1.560784,1.890600e-04,65414
1860,1370.4,91422720,0.1500,118.5,0.9400,0.5100,1825.8,-0.014773,6.523941,1.541976,1.884600e-04,64545
1870,1377.8,91914240,-1.8500,142.1,0.8700,0.4300,1785.0,-0.013508,5.757531,1.529315,1.878600e-04,66756
1880,1385.1,92405760,0.3500,146.8,0.9300,0.5300,1887.9,-0.013664,6.126866,1.530604,1.872600e-04,66920
1890,1392.7,92897280,2.5500,127.8,0.9900,0.6300,1929.2,-0.015048,4.664613,1.549504,1.866600e-04,61634
1900,1400.2,93388800,-1.2500,149.2,0.9100,0.4500,2003.1,-0.013751,6.184301,1.542346,1.860600e-04,66900
1910,1407.5,93880320,2.8000,126.5,0.9500,0.6500,1961.5,-0.013129,6.364273,1.511732,1.854600e-04,65712
1920,1414.8,94371840,-1.1000,135.5,0.8900,0.4600,1927.3,-0.014621,5.326469,1.545573,1.848600e-04,66408
1930,1422.2,94863360,0.0000,154.8,0.9300,0.5100,1898.2,-0.013691,5.415996,1.495424,1.842600e-04,67660
1940,1429.5,95354880,-2.1000,145.0,0.9100,0.4100,1847.4,-0.014239,4.293794,1.544638,1.836600e-04,65277
1950,1437.0,95846400,-0.6500,118.0,0.9400,0.4700,1978.2,-0.014162,4.743918,1.520246,1.830600e-04,64811
1960,1444.2,96337920,-0.7000,115.8,0.9300,0.4700,1876.7,-0.014434,7.006277,1.520216,1.824600e-04,67939
1970,1451.6,96829440,-1.5500,119.5,0.9500,0.4300,1930.5,-0.013496,5.467534,1.522021,1.818600e-04,65684
1980,1458.9,97320960,9.2500,88.5,0.9700,0.9700,1858.0,-0.010164,3.184363,1.557192,1.812600e-04,74268
1990,1466.2,97812480,-2.2000,167.5,0.8700,0.4200,1841.9,-0.013373,5.506395,1.517159,1.806600e-04,66155
2000,1473.3,98304000,0.8000,143.1,0.9500,0.5500,1896.7,-0.014329,6.233619,1.515718,1.800600e-04,66866
2010,1480.6,98795520,0.5500,139.8,0.9100,0.5500,1968.9,-0.013345,5.464373,1.546298,1.794600e-04,65217
2020,1487.9,99287040,-2.5500,160.4,0.9500,0.3800,1990.6,-0.013258,5.513007,1.522526,1.788600e-04,68582
2030,1495.2,99778560,1.3000,150.7,0.9600,0.5700,1904.2,-0.012907,5.829460,1.518778,1.782600e-04,68287
2040,1502.4,100270080,-1.0000,122.5,0.9500,0.4600,1863.9,-0.013634,6.126208,1.540129,1.776600e-04,66744
2050,1509.8,100761600,-0.8000,147.4,0.8800,0.4900,1889.6,-0.013420,5.537972,1.503974,1.770600e-04,66314
2060,1517.2,101253120,-1.5500,144.0,0.9200,0.4400,1840.6,-0.013379,5.124011,1.540794,1.764600e-04,65949
2070,1524.4,101744640,9.5000,77.0,0.9800,0.9800,1852.6,-0.011185,1.913559,1.558378,1.758600e-04,72545
2080,1531.9,102236160,-0.2000,154.8,0.9000,0.5100,1908.3,-0.014309,4.484349,1.516065,1.752600e-04,66274
2090,1539.3,102727680,-0.8500,159.6,0.9400,0.4700,1920.7,-0.014425,5.130463,1.523534,1.746600e-04,65453
2100,1546.5,103219200,-2.3500,203.5,0.8200,0.4200,1955.0,-0.014012,3.721371,1.543096,1.740600e-04,67836
2110,1553.7,103710720,0.3500,146.7,0.9000,0.5400,1910.9,-0.012902,5.884287,1.455092,1.734600e-04,67142
2120,1560.9,104202240,2.1500,132.7,0.9400,0.6200,1994.8,-0.014607,5.014112,1.508119,1.728600e-04,66172
2130,1568.2,104693760,-0.2500,172.0,0.8700,0.5100,1942.1,-0.014027,5.115739,1.542189,1.722600e-04,68128
2140,1575.4,105185280,9.5000,78.4,0.9800,0.9800,2022.2,-0.011970,2.289833,1.601920,1.716600e-04,72441
2150,1582.7,105676800,-0.3000,148.3,0.8800,0.5100,2012.6,-0.012478,6.516307,1.549458,1.710600e-04,66265
2160,1590.0,106168320,1.3000,135.8,0.9300,0.5800,1963.8,-0.014532,6.200963,1.499257,1.704600e-04,65640
2170,1597.3,106659840,2.3500,170.3,0.9000,0.6400,1969.1,-0.012661,5.734443,1.514251,1.698600e-04,67303
2180,1604.5,107151360,0.0500,155.8,0.9000,0.5200,1982.2,-0.012303,4.830802,1.493708,1.692600e-04,67550
2190,1611.7,107642880,9.7500,71.9,0.9900,0.9900,1913.7,-0.010850,3.051168,1.613878,1.686600e-04,72926
2200,1618.9,108134400,2.7500,148.5,0.9600,0.6400,2053.0,-0.014160,4.441639,1.535469,1.680600e-04,67383
2210,1626.2,108625920,-1.6000,139.2,0.9200,0.4300,2054.9,-0.012390,7.412629,1.551438,1.674600e-04,66027
2220,1633.6,109117440,0.7000,116.0,0.9500,0.5400,2029.6,-0.011759,6.283848,1.557987,1.668600e-04,63151
2230,1641.0,109608960,-0.2000,150.4,0.9300,0.5000,1953.8,-0.014332,5.101287,1.530247,1.662600e-04,66625
2240,1648.4,110100480,-1.3000,144.8,0.9300,0.4500,1945.4,-0.012488,4.610995,1.548908,1.656600e-04,65311
2250,1655.7,110592000,-1.0500,150.3,0.9200,0.4600,1905.1,-0.013650,5.173668,1.498140,1.650600e-04,66850
2260,1663.0,111083520,-0.1000,150.4,0.9600,0.5000,1870.4,-0.013119,4.950731,1.514567,1.644600e-04,66293
2270,1670.3,111575040,-1.8500,141.4,0.8800,0.4300,1892.4,-0.013815,5.465643,1.504053,1.638600e-04,67058
2280,1677.7,112066560,9.0000,93.9,0.9600,0.9600,1926.8,-0.010134,3.008232,1.588342,1.632600e-04,73067
2290,1685.0,112558080,2.8000,127.0,0.9100,0.6600,1955.5,-0.013183,4.759578,1.559016,1.626600e-04,63030
2300,1692.5,113049600,0.8000,136.8,0.9300,0.5500,1893.8,-0.013665,5.246638,1.543756,1.620600e-04,66497
2310,1699.8,113541120,-1.8500,138.0,0.8800,0.4300,1905.2,-0.012925,5.621811,1.537554,1.614600e-04,66938
2320,1707.2,114032640,0.3000,119.0,0.9200,0.5300,1832.6,-0.014396,6.098732,1.516862,1.608600e-04,64379
2330,1714.4,114524160,9.5000,71.7,0.9800,0.9800,1897.3,-0.009797,1.315581,1.563290,1.602600e-04,71271
2340,1721.6,115015680,-0.6000,109.4,0.9600,0.4700,1907.5,-0.011909,7.184135,1.545402,1.596600e-04,65701
2350,1728.9,115507200,-3.6500,171.8,0.8500,0.3500,1896.7,-0.013146,4.276841,1.533494,1.590600e-04,67031
2360,1736.5,115998720,-1.3500,145.3,0.9700,0.4400,1964.5,-0.012516,6.999051,1.501171,1.584600e-04,62808
2370,1743.9,116490240,-1.8000,153.9,0.8800,0.4300,1921.0,-0.013585,3.972651,1.530193,1.578600e-04,69377
2380,1751.2,116981760,-2.9000,162.7,0.9300,0.3700,1897.9,-0.012768,4.141418,1.529483,1.572600e-04,67371
2390,1758.5,117473280,-1.4000,161.6,0.8700,0.4600,1912.7,-0.010912,4.582451,1.526390,1.566600e-04,67779
2400,1766.0,117964800,-2.9000,145.8,0.9200,0.3700,1880.8,-0.013127,4.914768,1.527871,1.560600e-04,66056
2410,1773.2,118456320,-0.2000,153.6,0.9500,0.5000,1959.7,-0.012483,6.291765,1.511811,1.554600e-04,68948
2420,1780.5,118947840,-0.2500,123.3,0.9600,0.4900,1873.6,-0.012948,6.235687,1.530996,1.548600e-04,66624
2430,1787.6,119439360,-0.9500,132.4,0.9300,0.4600,1900.0,-0.010895,6.645658,1.476267,1.542600e-04,66573
2440,1795.0,119930880,2.4000,106.1,0.9200,0.6300,1983.0,-0.011814,4.586766,1.595231,1.536600e-04,64905
2450,1802.4,120422400,-0.7000,151.3,0.9100,0.4800,1966.4,-0.011024,5.274225,1.543589,1.530600e-04,66401
2460,1809.7,120913920,1.3000,108.5,0.9200,0.5800,1847.6,-0.011951,5.066945,1.568008,1.524600e-04,65573
2470,1816.9,121405440,1.2500,130.8,0.9600,0.5700,1894.8,-0.010583,6.711573,1.509022,1.518600e-04,65685
2480,1824.2,121896960,-2.8000,162.8,0.8800,0.3800,1884.9,-0.013378,4.493509,1.510757,1.512600e-04,66912
2490,1831.5,122388480,1.5500,121.5,0.8700,0.6000,1984.8,-0.012083,4.871876,1.573534,1.506600e-04,65242
2500,1838.8,122880000,-2.9500,152.4,0.9000,0.3700,1902.2,-0.013505,5.175513,1.507434,1.500600e-04,66299
2510,1846.1,123371520,-1.8500,171.7,0.9400,0.4200,1939.0,-0.014436,4.115112,1.561040,1.494600e-04,67297
2520,1853.2,123863040,8.7500,95.8,0.9500,0.9500,1959.1,-0.008952,3.174153,1.583568,1.488600e-04,73676
2530,1860.4,124354560,0.0500,158.8,0.9200,0.5200,2010.1,-0.012538,5.940387,1.499030,1.482600e-04,68992
2540,1867.6,124846080,8.7500,92.6,0.9500,0.9500,1962.5,-0.009614,4.470281,1.545635,1.476600e-04,74934
2550,1874.9,125337600,0.6500,149.1,0.9600,0.5400,1969.0,-0.013113,4.893648,1.514547,1.470600e-04,68107
2560,1882.1,125829120,-0.5500,134.9,0.9300,0.4800,1963.3,-0.013399,5.544692,1.494898,1.464600e-04,66463
2570,1889.4,126320640,8.2500,102.5,0.9300,0.9300,1865.3,-0.011169,3.837238,1.579901,1.458600e-04,72435
2580,1896.8,126812160,-1.5000,150.6,0.8800,0.4500,1881.1,-0.012053,5.588393,1.525590,1.452600e-04,66982
2590,1904.1,127303680,0.7500,136.7,0.9100,0.5500,1986.5,-0.014070,5.361715,1.511685,1.446600e-04,66672
2600,1911.5,127795200,-0.1000,132.8,0.8900,0.5100,1989.2,-0.012969,5.898947,1.529518,1.440600e-04,66204
2610,1918.9,128286720,2.5000,129.5,0.9800,0.6300,2018.3,-0.013644,6.440081,1.497508,1.434600e-04,66599
2620,1926.1,128778240,-2.6000,129.2,0.9200,0.3800,1938.8,-0.012741,5.702650,1.508469,1.428600e-04,66288
2630,1933.3,129269760,2.5000,111.9,0.9500,0.6300,2055.3,-0.012174,6.419403,1.540322,1.422600e-04,65816
2640,1940.6,129761280,8.5000,97.6,0.9400,0.9400,1985.1,-0.009850,2.658918,1.586611,1.416600e-04,74581
2650,1947.8,130252800,2.4000,116.3,0.9200,0.6300,1920.4,-0.012358,4.676765,1.562346,1.410600e-04,65246
2660,1955.1,130744320,0.1500,141.6,0.9300,0.5100,1988.3,-0.011140,6.089698,1.538052,1.404600e-04,64119
2670,1962.4,131235840,-0.7500,151.7,0.9500,0.4700,1980.7,-0.012603,4.719911,1.555236,1.398600e-04,66426
2680,1969.8,131727360,1.6500,141.0,0.9300,0.5900,2018.9,-0.012062,5.079918,1.565267,1.392600e-04,63661
2690,1977.3,132218880,-0.1500,155.9,0.9400,0.5000,1985.6,-0.011648,6.166005,1.520787,1.386600e-04,65934
2700,1984.7,132710400,-1.2500,140.8,0.9200,0.4500,1898.7,-0.011347,5.285541,1.519064,1.380600e-04,66692
2710,1991.9,133201920,9.0000,83.2,0.9600,0.9600,1959.9,-0.009380,2.183871,1.528379,1.374600e-04,72639
2720,1999.1,133693440,9.0000,75.9,0.9600,0.9600,1899.3,-0.006789,1.686173,1.561271,1.368600e-04,71050
2730,2006.3,134184960,-0.3500,160.2,0.8800,0.5000,1960.4,-0.011800,5.197038,1.519334,1.362600e-04,66800
2740,2013.6,134676480,-3.1500,159.7,0.9000,0.3600,1882.7,-0.010752,4.853809,1.528463,1.356600e-04,67794
2750,2020.8,135168000,9.0000,88.2,0.9600,0.9600,1988.3,-0.009156,4.646412,1.553066,1.350600e-04,72826
2760,2028.1,135659520,9.5000,74.7,0.9800,0.9800,2059.3,-0.010473,1.711454,1.537197,1.344600e-04,71518
2770,2035.4,136151040,-1.4500,157.4,0.8800,0.4500,2104.4,-0.011990,6.362606,1.487477,1.338600e-04,66800
2780,2042.7,136642560,-0.0500,152.7,0.8900,0.5100,2042.8,-0.011294,5.689279,1.509052,1.332600e-04,66833
2790,2050.0,137134080,-1.7500,150.3,0.9600,0.4200,1988.3,-0.011835,5.082580,1.542481,1.326600e-04,67036
2800,2057.2,137625600,0.9000,121.3,0.9500,0.5500,2040.7,-0.010799,5.491936,1.553263,1.320600e-04,65849
2810,2064.6,138117120,-0.7500,148.1,0.9100,0.4700,1992.1,-0.012114,4.710569,1.498757,1.314600e-04,65842
2820,2072.0,138608640,-0.3500,143.4,0.9500,0.4900,1920.6,-0.011768,5.707087,1.521417,1.308600e-04,66673
2830,2079.3,139100160,-1.1500,140.0,0.9100,0.4500,1950.3,-0.011095,5.012472,1.551944,1.302600e-04,66565
2840,2086.6,139591680,0.6000,151.1,0.9500,0.5400,2078.7,-0.013327,4.928421,1.580907,1.296600e-04,67529
2850,2093.9,140083200,-2.4500,144.8,0.9300,0.3900,2011.4,-0.010701,6.050183,1.525576,1.290600e-04,65777
2860,2101.1,140574720,0.5000,132.8,0.9400,0.5300,2070.8,-0.010927,5.797673,1.536231,1.284600e-04,66319
2870,2108.5,141066240,0.5500,151.4,0.9100,0.5400,1989.9,-0.010378,6.682206,1.529617,1.278600e-04,63101
2880,2116.0,141557760,-0.1500,141.0,0.9600,0.5000,2012.9,-0.010506,5.542503,1.552090,1.272600e-04,64650
2890,2123.3,142049280,0.0500,163.7,0.9100,0.5100,1971.1,-0.010492,5.013133,1.520690,1.266600e-04,66972
2900,2130.5,142540800,-0.8500,122.5,0.9800,0.4600,2010.0,-0.010166,6.093107,1.494268,1.260600e-04,66437
2910,2137.7,143032320,9.7500,74.5,0.9900,0.9900,2130.1,-0.010897,1.907227,1.596479,1.254600e-04,72991
2920,2145.0,143523840,1.8000,153.0,0.9200,0.6100,2098.3,-0.012102,5.175896,1.549343,1.248600e-04,64197
2930,2152.3,144015360,-0.6500,143.4,0.9600,0.4700,1977.0,-0.010969,4.287967,1.548083,1.242600e-04,64603
2940,2159.5,144506880,-0.2500,140.0,0.9200,0.5000,2030.2,-0.010768,5.986602,1.527354,1.236600e-04,67641
2950,2166.8,144998400,-0.7500,153.0,0.9300,0.4700,2062.8,-0.011823,6.600071,1.458401,1.230600e-04,67482
2960,2174.1,145489920,0.3500,155.1,0.9400,0.5300,2078.1,-0.011803,4.775639,1.473787,1.224600e-04,66992
2970,2181.4,145981440,-0.5000,170.4,0.9100,0.4900,1987.0,-0.010678,5.386323,1.521414,1.218600e-04,67297
2980,2188.7,146472960,0.1500,145.2,0.9300,0.5100,2021.7,-0.011618,4.074185,1.525230,1.212600e-04,65087
2990,2196.3,146964480,-1.3500,154.6,0.9000,0.4500,2055.1,-0.011164,4.595844,1.526081,1.206600e-04,64427
3000,2203.5,147456000,1.6000,106.0,0.9600,0.5900,2034.1,-0.009557,6.440082,1.516868,1.200600e-04,66511
3010,2210.8,147947520,-0.3500,136.2,0.9200,0.4900,1978.3,-0.010099,6.321336,1.502239,1.194600e-04,66245
3020,2218.2,148439040,-0.3000,150.3,0.9300,0.5000,1934.6,-0.010952,5.198253,1.521977,1.188600e-04,66968
3030,2225.4,148930560,2.3500,150.4,0.9300,0.6300,2096.5,-0.011272,5.673271,1.523973,1.182600e-04,66439
3040,2232.8,149422080,-1.1000,146.4,0.9300,0.4600,1986.2,-0.012145,5.177026,1.528065,1.176600e-04,66120
3050,2240.1,149913600,-0.3000,148.1,0.9200,0.5000,2015.4,-0.010177,6.923823,1.506178,1.170600e-04,66547
3060,2247.4,150405120,0.1000,160.3,0.9300,0.5100,2009.1,-0.011322,5.298409,1.501186,1.164600e-04,62760
3070,2254.8,150896640,-2.4000,169.7,0.9000,0.4000,2042.6,-0.012561,4.854002,1.546721,1.158600e-04,66332
3080,2262.1,151388160,-0.5000,169.4,0.8300,0.5000,2000.3,-0.011478,5.278051,1.516018,1.152600e-04,68372
3090,2269.3,151879680,1.2500,139.5,0.9300,0.5700,2054.9,-0.011285,5.919237,1.523507,1.146600e-04,68565
3100,2276.5,152371200,-2.3500,186.0,0.8500,0.4100,2054.0,-0.010827,5.107489,1.517983,1.140600e-04,68869
3110,2283.7,152862720,-0.2000,147.8,0.9500,0.5000,2026.2,-0.012232,4.933296,1.505819,1.134600e-04,67040
3120,2290.9,153354240,0.5000,140.6,0.9300,0.5300,2041.5,-0.010597,5.692697,1.508733,1.128600e-04,67757
3130,2298.2,153845760,-1.1000,157.3,0.9100,0.4600,2005.3,-0.011594,4.779717,1.509213,1.122600e-04,66705
3140,2305.4,154337280,9.5000,66.1,0.9800,0.9800,1992.2,-0.010036,2.082022,1.559045,1.116600e-04,70796
3150,2312.8,154828800,-1.3500,150.8,0.9100,0.4500,2018.0,-0.010778,5.041529,1.509076,1.110600e-04,66453
3160,2320.1,155320320,-0.6000,169.1,0.8900,0.4900,2033.0,-0.011746,4.549727,1.531762,1.104600e-04,66441
3170,2327.4,155811840,-3.2000,191.4,0.8200,0.3800,2014.5,-0.011251,4.096629,1.534479,1.098600e-04,68939
3180,2334.7,156303360,-0.8000,158.6,0.9100,0.4700,1990.1,-0.010684,4.597146,1.521115,1.092600e-04,66743
3190,2341.9,156794880,-0.3000,154.5,0.8800,0.5100,1967.0,-0.011145,5.733424,1.515301,1.086600e-04,66893
3200,2349.2,157286400,3.3500,152.5,0.9600,0.6700,2088.6,-0.010377,5.175992,1.521274,1.080600e-04,66007
3210,2356.5,157777920,-1.4000,165.1,0.8500,0.4600,2128.5,-0.010650,5.708397,1.553075,1.074600e-04,65990
3220,2363.8,158269440,-1.1500,170.1,0.9200,0.4500,2042.4,-0.011594,4.560869,1.534473,1.068600e-04,67438
3230,2371.0,158760960,2.9000,127.4,0.9000,0.6700,2065.2,-0.009454,4.077675,1.602121,1.062600e-04,65143
3240,2378.3,159252480,-1.5500,173.1,0.8800,0.4400,2017.2,-0.010658,5.474417,1.547698,1.056600e-04,68554
3250,2385.5,159744000,-1.1000,160.8,0.8700,0.4700,2085.0,-0.011230,4.992391,1.542972,1.050600e-04,67022
3260,2392.6,160235520,-1.0000,160.5,0.9500,0.4600,2046.8,-0.009216,7.340356,1.500513,1.044600e-04,67695
3270,2399.9,160727040,-2.2000,164.1,0.9100,0.4100,2057.7,-0.009143,5.450618,1.523288,1.038600e-04,67069
3280,2407.0,161218560,8.2500,98.3,0.9300,0.9300,2052.5,-0.008147,3.484935,1.594346,1.032600e-04,73182
3290,2414.3,161710080,-2.3000,173.9,0.8700,0.4100,2073.3,-0.011709,5.089635,1.542427,1.026600e-04,68016
3300,2421.4,162201600,8.7500,85.8,0.9500,0.9500,2027.2,-0.007467,2.489187,1.582403,1.020600e-04,72918
3310,2428.7,162693120,0.7500,131.6,0.9700,0.5400,2006.7,-0.009636,6.088464,1.564299,1.014600e-04,66700
3320,2435.9,163184640,2.7000,135.7,0.8800,0.6600,2086.3,-0.009393,4.331720,1.602482,1.008600e-04,65578
3330,2443.1,163676160,0.1500,160.2,0.9400,0.5200,1958.8,-0.010503,5.971606,1.532407,1.002600e-04,67101
3340,2450.2,164167680,1.6500,99.0,0.9200,0.5900,1955.6,-0.008216,6.317750,1.566303,9.966000e-05,65271
3350,2457.5,164659200,-3.0500,174.2,0.8700,0.3700,1951.5,-0.011285,5.288514,1.513508,9.906000e-05,67309
3360,2464.6,165150720,-0.7000,178.8,0.9300,0.4800,2064.6,-0.010169,5.489420,1.532572,9.846000e-05,67838
3370,2471.8,165642240,-1.5000,175.6,0.8400,0.4500,2039.2,-0.010407,5.078670,1.547568,9.786000e-05,70426
3380,2478.9,166133760,-1.3000,153.7,0.9200,0.4500,2018.2,-0.011294,3.364661,1.546732,9.726000e-05,69024
3390,2486.1,166625280,0.7500,139.8,0.9100,0.5500,2150.1,-0.010343,5.627352,1.506565,9.666000e-05,67777
3400,2493.3,167116800,9.2500,82.6,0.9700,0.9700,2189.5,-0.008057,3.691997,1.572603,9.606000e-05,72257
3410,2500.6,167608320,-1.9000,175.9,0.8600,0.4300,2073.5,-0.009573,5.633403,1.499128,9.546000e-05,67503
3420,2507.7,168099840,1.7500,103.2,0.9300,0.6000,1961.4,-0.010137,5.093097,1.582346,9.486000e-05,65106
3430,2515.1,168591360,-0.7500,138.8,0.9500,0.4700,1919.9,-0.009643,6.513904,1.524970,9.426000e-05,65884
3440,2522.4,169082880,-1.1500,176.1,0.9000,0.4600,2052.9,-0.010094,5.261957,1.516363,9.366000e-05,67890
3450,2529.5,169574400,10.0000,78.6,1.0000,1.0000,2046.3,-0.008836,2.767146,1.559770,9.306000e-05,76171
3460,2536.7,170065920,-1.2000,143.3,0.9500,0.4500,2002.1,-0.009372,6.282888,1.527824,9.246000e-05,66388
3470,2543.9,170557440,-1.7000,160.6,0.9100,0.4300,1922.1,-0.010489,5.467372,1.535398,9.186000e-05,66428
3480,2551.1,171048960,5.2500,101.7,0.9500,0.7700,2085.1,-0.009907,3.945380,1.579632,9.126000e-05,65649
3490,2558.4,171540480,-1.0500,157.3,0.9500,0.4600,1927.8,-0.010657,5.572903,1.518942,9.066000e-05,67137
3500,2565.6,172032000,-0.7500,157.1,0.9400,0.4700,2017.8,-0.008682,5.602603,1.527974,9.006000e-05,68822
3510,2572.8,172523520,0.1500,143.0,0.9700,0.5100,1997.2,-0.008811,5.108977,1.503154,8.946000e-05,66847
3520,2580.0,173015040,0.2500,165.8,0.9400,0.5200,1991.3,-0.009432,5.350006,1.527441,8.886000e-05,67720
3530,2587.2,173506560,-1.6500,182.2,0.8700,0.4400,2106.6,-0.009014,4.797000,1.531710,8.826000e-05,69043
3540,2594.2,173998080,2.2500,123.6,0.9300,0.6200,2114.6,-0.009247,5.604950,1.594976,8.766000e-05,66550
3550,2601.5,174489600,9.5000,76.7,0.9800,0.9800,2010.6,-0.008167,2.919564,1.597560,8.706000e-05,71972
3560,2608.9,174981120,-1.3500,164.7,0.9100,0.4500,1998.0,-0.009503,4.933925,1.573834,8.646000e-05,66639
3570,2616.0,175472640,2.9000,119.8,0.9300,0.6600,2002.6,-0.009752,4.180729,1.601652,8.586000e-05,66949
3580,2623.1,175964160,9.7500,66.2,0.9900,0.9900,2013.7,-0.008766,1.815717,1.567300,8.526000e-05,72919
3590,2630.4,176455680,-3.2000,165.7,0.8800,0.3600,1948.0,-0.010180,5.547606,1.542291,8.466000e-05,67748
3600,2637.4,176947200,1.3500,118.0,0.8800,0.5900,2071.7,-0.006896,5.564931,1.596321,8.406000e-05,66129
3610,2644.6,177438720,10.0000,72.1,1.0000,1.0000,2089.4,-0.007292,2.179095,1.574996,8.346000e-05,73106
3620,2651.7,177930240,9.2500,60.6,0.9700,0.9700,2119.1,-0.008561,0.980808,1.541937,8.286000e-05,71199
3630,2658.9,178421760,10.0000,61.4,1.0000,1.0000,2063.3,-0.007149,1.279578,1.524053,8.226000e-05,72336
3640,2666.3,178913280,0.5000,176.4,0.9200,0.5400,2096.3,-0.009265,4.747862,1.515550,8.166000e-05,67698
3650,2673.5,179404800,0.5500,170.6,0.8800,0.5500,2173.1,-0.008981,5.722811,1.503520,8.106000e-05,67140
3660,2680.7,179896320,3.0000,101.2,0.9300,0.6600,2152.5,-0.007894,5.299117,1.564549,8.046000e-05,64423
3670,2687.9,180387840,-2.0000,169.4,0.9300,0.4100,2028.6,-0.009587,4.945191,1.509958,7.986000e-05,68688
3680,2695.3,180879360,0.3500,185.2,0.9200,0.5300,2172.9,-0.010102,4.715549,1.522891,7.926000e-05,67737
3690,2702.4,181370880,0.3000,193.5,0.9100,0.5300,2216.7,-0.008380,4.629549,1.523537,7.866000e-05,67405
3700,2709.6,181862400,-3.2500,178.6,0.9000,0.3600,2178.8,-0.009760,4.808267,1.505397,7.806000e-05,66528
3710,2716.7,182353920,10.0000,72.4,1.0000,1.0000,2093.4,-0.008406,1.356196,1.545909,7.746000e-05,72914
3720,2724.0,182845440,-0.7000,158.5,0.9500,0.4700,2151.7,-0.007773,5.920528,1.515182,7.686000e-05,67172
3730,2731.2,183336960,9.2500,75.0,0.9700,0.9700,2147.3,-0.007425,3.599353,1.618229,7.626000e-05,71468
3740,2738.6,183828480,-1.0000,179.8,0.9000,0.4700,2030.9,-0.008562,4.923518,1.556767,7.566000e-05,65392
3750,2745.9,184320000,-1.0000,172.6,0.9400,0.4600,2104.8,-0.009051,4.892200,1.524765,7.506000e-05,67267
3760,2753.1,184811520,3.0500,107.0,0.9600,0.6600,2126.3,-0.008174,5.286245,1.598626,7.446000e-05,65202
3770,2760.3,185303040,-2.3500,155.9,0.8900,0.3900,2053.8,-0.008244,5.437024,1.537443,7.386000e-05,67645
3780,2767.6,185794560,-2.1000,180.2,0.8700,0.4200,2035.0,-0.009327,4.808718,1.561209,7.326000e-05,64835
3790,2774.9,186286080,9.5000,70.2,0.9800,0.9800,2112.7,-0.006696,2.755199,1.569253,7.266000e-05,72354
3800,2782.1,186777600,-0.4000,177.4,0.9000,0.4900,2079.9,-0.008590,5.025161,1.530682,7.206000e-05,67962
3810,2789.4,187269120,-0.4500,180.5,0.9100,0.4900,2102.2,-0.008294,4.462860,1.555966,7.146000e-05,67648
3820,2796.4,187760640,9.2500,80.3,0.9700,0.9700,2023.8,-0.006071,2.389949,1.556777,7.086000e-05,73093
3830,2803.6,188252160,9.5000,63.8,0.9800,0.9800,2127.4,-0.007814,2.221492,1.557018,7.026000e-05,71941
3840,2810.8,188743680,-0.8000,164.2,0.8900,0.4800,2080.5,-0.008466,6.033885,1.517377,6.966000e-05,65750
3850,2818.0,189235200,-0.5500,170.8,0.8800,0.4900,2048.0,-0.007707,5.657305,1.535552,6.906000e-05,67333
3860,2825.3,189726720,-1.6000,163.4,0.9000,0.4300,2105.3,-0.008860,5.496423,1.564115,6.846000e-05,68970
3870,2832.5,190218240,9.7500,75.5,0.9900,0.9900,2150.2,-0.007134,4.730512,1.591457,6.786000e-05,74205
3880,2839.7,190709760,-0.5000,177.1,0.8400,0.5000,2195.9,-0.008345,5.841058,1.536396,6.726000e-05,67005
3890,2847.0,191201280,0.2000,152.9,0.9400,0.5100,2212.8,-0.009649,5.658212,1.508128,6.666000e-05,66870
3900,2854.3,191692800,0.7000,157.2,0.9200,0.5400,2206.7,-0.008494,5.167711,1.528421,6.606000e-05,66485
3910,2861.6,192184320,10.0000,82.8,1.0000,1.0000,2068.7,-0.007189,3.642907,1.622907,6.546000e-05,72243
3920,2868.8,192675840,9.7500,75.8,0.9900,0.9900,2150.0,-0.008532,1.206133,1.587306,6.486000e-05,70688
3930,2876.1,193167360,10.0000,54.1,1.0000,1.0000,2077.7,-0.006919,1.866767,1.563860,6.426000e-05,71208
3940,2883.4,193658880,0.5000,163.2,0.9400,0.5400,2131.8,-0.007867,4.570735,1.523417,6.366000e-05,66918
3950,2890.7,194150400,0.2000,155.1,0.9100,0.5200,2150.3,-0.007486,4.977209,1.539111,6.306000e-05,66943
3960,2898.0,194641920,-2.8500,165.4,0.8400,0.3900,2095.2,-0.007241,5.831965,1.490522,6.246000e-05,65730
3970,2905.3,195133440,-2.3500,172.5,0.8600,0.4100,2126.9,-0.006725,5.796191,1.534490,6.186000e-05,66719
3980,2912.5,195624960,0.6000,156.5,0.8900,0.5400,2081.4,-0.006398,6.293808,1.492218,6.126000e-05,67881
3990,2919.8,196116480,-0.9500,171.1,0.9000,0.4700,2071.9,-0.006939,5.280574,1.530999,6.066000e-05,67666
4000,2926.9,196608000,-2.8500,191.8,0.8400,0.3900,2128.5,-0.007051,4.483964,1.517474,6.006000e-05,68843
4010,2934.1,197099520,-1.7000,174.3,0.8700,0.4400,2080.3,-0.007512,4.973070,1.538725,5.946000e-05,68555
4020,2941.1,197591040,-0.1500,174.2,0.8900,0.5000,2114.8,-0.006957,6.505810,1.522661,5.886000e-05,70595
4030,2948.3,198082560,3.6500,112.5,0.9200,0.7000,2092.2,-0.008248,4.131282,1.610093,5.826000e-05,66258
4040,2955.4,198574080,9.7500,81.7,0.9900,0.9900,2178.3,-0.006794,4.706249,1.580666,5.766000e-05,74078
4050,2962.6,199065600,-1.3000,184.4,0.9100,0.4500,2142.3,-0.007185,4.832880,1.548262,5.706000e-05,66943
4060,2970.0,199557120,-0.1000,161.0,0.9400,0.5000,2204.2,-0.007554,4.142565,1.541908,5.646000e-05,66849
4070,2977.2,200048640,-0.1500,166.6,0.9400,0.5000,2192.2,-0.008135,4.423657,1.543004,5.586000e-05,64982
4080,2984.4,200540160,-0.2000,176.0,0.9000,0.5000,2168.1,-0.007154,5.178526,1.536002,5.526000e-05,64313
4090,2991.7,201031680,0.7000,160.1,0.9200,0.5400,2187.2,-0.007572,5.951969,1.528720,5.466000e-05,67681
4100,2998.9,201523200,-2.2000,182.0,0.8900,0.4100,2080.3,-0.007902,4.043189,1.556106,5.406000e-05,68007
4110,3006.1,202014720,0.6000,169.0,0.9300,0.5400,2179.6,-0.007200,5.876567,1.531386,5.346000e-05,66759
4120,3013.2,202506240,9.5000,72.4,0.9800,0.9800,2204.4,-0.007314,2.320893,1.543955,5.286000e-05,72645
4130,3020.4,202997760,1.3500,152.8,0.9700,0.5700,2176.4,-0.006947,5.084973,1.520955,5.226000e-05,66124
4140,3027.6,203489280,-0.7000,176.1,0.8200,0.4900,2243.8,-0.006200,7.261833,1.554318,5.166000e-05,67975
4150,3034.8,203980800,-1.1500,153.0,0.8700,0.4500,2113.4,-0.005851,7.088224,1.512149,5.106000e-05,67557
4160,3042.1,204472320,-0.8500,167.1,0.8900,0.4700,2101.2,-0.005870,6.175839,1.508634,5.046000e-05,66384
4170,3049.4,204963840,-2.2000,159.0,0.9300,0.4000,2136.9,-0.007063,4.998314,1.540908,4.986000e-05,67319
4180,3056.7,205455360,9.7500,61.1,0.9900,0.9900,2012.7,-0.007244,2.246096,1.508750,4.926000e-05,69794
4190,3064.2,205946880,-1.6000,173.0,0.9600,0.4200,2129.0,-0.006759,5.121552,1.542191,4.866000e-05,65841
4200,3071.4,206438400,0.3500,183.1,0.8900,0.5400,2131.3,-0.007973,4.082124,1.559434,4.806000e-05,68900
4210,3078.5,206929920,9.2500,68.2,0.9700,0.9700,2182.3,-0.006354,4.807883,1.550703,4.746000e-05,74305
4220,3085.8,207421440,0.2500,172.1,0.9100,0.5300,2186.6,-0.005787,5.071334,1.506775,4.686000e-05,67496
4230,3093.1,207912960,3.3000,109.9,0.9400,0.6800,2117.4,-0.006886,4.981938,1.587608,4.626000e-05,64100
4240,3100.5,208404480,5.5500,93.0,0.9600,0.7800,2131.7,-0.007020,3.288546,1.573833,4.566000e-05,64050
4250,3107.8,208896000,-1.6000,187.9,0.8300,0.4500,2170.3,-0.006308,5.048016,1.513227,4.506000e-05,66649
4260,3115.0,209387520,9.2500,80.6,0.9700,0.9700,2098.2,-0.004291,5.344622,1.575377,4.446000e-05,73284
4270,3122.1,209879040,9.7500,52.0,0.9900,0.9900,2209.8,-0.006151,1.574538,1.507408,4.386000e-05,71087
4280,3129.4,210370560,-0.9000,155.6,0.8700,0.4700,2153.4,-0.005958,5.414544,1.522032,4.326000e-05,68071
4290,3136.6,210862080,-1.5000,186.3,0.8300,0.4500,2152.9,-0.006248,4.861075,1.541411,4.266000e-05,68411
4300,3143.7,211353600,-1.9000,175.8,0.8800,0.4300,2155.2,-0.006353,4.667671,1.517782,4.206000e-05,68975
4310,3150.9,211845120,0.8000,189.2,0.9100,0.5600,2158.9,-0.006354,5.126932,1.520940,4.146000e-05,67630
4320,3158.2,212336640,-0.8500,176.4,0.9000,0.4700,2099.0,-0.006325,5.409767,1.516270,4.086000e-05,68284
4330,3165.3,212828160,2.3000,106.1,0.9000,0.6300,2125.2,-0.005383,4.997871,1.578647,4.026000e-05,65495
4340,3172.5,213319680,-2.5500,187.9,0.8600,0.4000,2155.9,-0.006138,4.383162,1.547683,3.966000e-05,69914
4350,3179.5,213811200,-1.0000,189.2,0.8200,0.4800,2181.5,-0.005037,5.304378,1.548335,3.906000e-05,69191
4360,3186.6,214302720,2.7500,98.7,0.9100,0.6500,2170.1,-0.005980,4.751472,1.602638,3.846000e-05,65692
4370,3193.8,214794240,9.5000,57.9,0.9800,0.9800,2229.4,-0.004419,2.263060,1.502587,3.786000e-05,72432
4380,3201.0,215285760,1.3000,153.1,0.9500,0.5700,2229.2,-0.006194,6.511418,1.497750,3.726000e-05,66405
4390,3208.3,215777280,0.3000,166.1,0.9400,0.5200,2258.1,-0.006100,5.554597,1.511121,3.666000e-05,67121
4400,3215.7,216268800,-2.3500,173.4,0.8800,0.4100,2130.4,-0.006235,4.861497,1.548734,3.606000e-05,66526
4410,3222.8,216760320,9.5000,63.7,0.9800,0.9800,2148.3,-0.006103,2.053672,1.518191,3.546000e-05,72259
4420,3230.1,217251840,-0.7000,163.4,0.8800,0.4800,2096.8,-0.004588,5.985579,1.529328,3.486000e-05,67226
4430,3237.3,217743360,-0.6000,151.0,0.9400,0.4700,2120.5,-0.004842,5.771552,1.517019,3.426000e-05,69198
4440,3244.4,218234880,4.4500,104.4,0.9200,0.7400,2122.5,-0.004982,3.904533,1.606315,3.366000e-05,66404
4450,3251.6,218726400,-0.4000,170.8,0.9400,0.4900,2027.5,-0.006233,4.580544,1.536127,3.306000e-05,68152
4460,3258.8,219217920,-1.3000,205.5,0.8300,0.4700,2249.1,-0.006207,4.762432,1.520786,3.246000e-05,67470
4470,3266.0,219709440,0.8000,174.9,0.9300,0.5500,2217.0,-0.005396,6.075659,1.521347,3.186000e-05,67961
4480,3273.2,220200960,-2.4000,177.1,0.8700,0.4000,2177.1,-0.005210,4.550300,1.544614,3.126000e-05,68390
4490,3280.4,220692480,-0.8000,165.4,0.8800,0.4700,2227.3,-0.005804,5.454459,1.567430,3.066000e-05,67681
4500,3287.6,221184000,9.5000,62.7,0.9800,0.9800,2148.6,-0.004906,1.863383,1.531711,3.006000e-05,70772
4510,3295.0,221675520,-1.5000,154.9,0.9600,0.4300,2114.5,-0.005004,5.566548,1.527249,2.946000e-05,68307
4520,3302.2,222167040,-1.1000,175.2,0.8400,0.4700,2192.9,-0.004548,5.175175,1.520362,2.886000e-05,66889
4530,3309.3,222658560,9.7500,52.5,0.9900,0.9900,2170.0,-0.005293,2.246527,1.529725,2.826000e-05,74161
4540,3316.7,223150080,-1.9000,187.3,0.8600,0.4300,2160.2,-0.004367,5.460145,1.553307,2.766000e-05,68092
4550,3323.8,223641600,-0.7000,183.2,0.8300,0.4900,2179.5,-0.005185,4.692905,1.529100,2.706000e-05,70097
4560,3330.9,224133120,3.5000,98.4,0.9800,0.6800,2226.9,-0.003518,5.614549,1.565994,2.646000e-05,64933
4570,3338.3,224624640,-0.3500,170.8,0.9200,0.4900,2236.4,-0.003839,4.730626,1.539976,2.586000e-05,65959
4580,3345.6,225116160,0.0500,168.5,0.9200,0.5100,2192.9,-0.004301,5.190054,1.532124,2.526000e-05,68063
4590,3352.8,225607680,1.8000,165.0,0.9400,0.6000,2156.3,-0.004788,5.740734,1.522604,2.466000e-05,67098
4600,3360.1,226099200,0.2000,180.7,0.8900,0.5200,2188.2,-0.004698,5.424844,1.516868,2.406000e-05,66628
4610,3367.6,226590720,-2.5500,179.9,0.8800,0.3900,2111.9,-0.004800,5.454031,1.517821,2.346000e-05,65419
4620,3374.8,227082240,9.7500,60.3,0.9900,0.9900,2196.5,-0.003764,1.808495,1.492381,2.286000e-05,73165
4630,3382.0,227573760,-2.2000,177.2,0.9100,0.4000,2227.3,-0.003863,5.332784,1.524170,2.226000e-05,65996
4640,3389.3,228065280,9.7500,62.4,0.9900,0.9900,2193.0,-0.003104,3.550205,1.552406,2.166000e-05,69117
4650,3396.8,228556800,-0.4500,155.0,0.9400,0.4800,2190.4,-0.004292,5.070655,1.530509,2.106000e-05,65102
4660,3404.2,229048320,-1.8500,200.3,0.8800,0.4300,2222.0,-0.003546,5.398274,1.530843,2.046000e-05,67868
4670,3411.4,229539840,-1.0000,164.9,0.9600,0.4600,2132.7,-0.004125,5.003463,1.515131,1.986000e-05,67339
4680,3418.6,230031360,-0.4000,161.2,0.9300,0.4900,2192.8,-0.003361,5.385595,1.532490,1.926000e-05,69000
4690,3425.8,230522880,0.7500,158.1,0.9100,0.5500,2192.0,-0.003418,6.500465,1.534768,1.866000e-05,67593
4700,3433.0,231014400,1.5500,98.6,0.9800,0.5800,2130.3,-0.003405,4.908613,1.578339,1.806000e-05,65064
4710,3440.3,231505920,-2.2000,179.0,0.9000,0.4100,2121.2,-0.002352,5.911818,1.572208,1.746000e-05,66959
4720,3447.5,231997440,-2.8000,188.5,0.8600,0.3800,2151.4,-0.003271,4.241813,1.533206,1.686000e-05,68580
4730,3454.6,232488960,-0.0500,179.5,0.9600,0.5000,2181.2,-0.002386,5.443619,1.540110,1.626000e-05,69863
4740,3461.7,232980480,9.5000,59.1,0.9800,0.9800,2150.2,-0.002158,4.689657,1.562424,1.566000e-05,73513
4750,3468.9,233472000,-2.3000,195.2,0.8300,0.4200,2241.7,-0.002326,5.435475,1.524894,1.506000e-05,67243
4760,3476.1,233963520,-2.3500,205.2,0.8200,0.4200,2175.8,-0.002814,5.014523,1.537182,1.446000e-05,68552
4770,3483.1,234455040,9.5000,68.9,0.9800,0.9800,2152.4,-0.002331,3.731773,1.536036,1.386000e-05,75361
4780,3490.3,234946560,-2.3500,170.1,0.9100,0.4000,2129.6,-0.002196,5.506298,1.543466,1.326000e-05,69391
4790,3497.5,235438080,4.1500,95.0,0.9400,0.7200,2165.7,-0.002108,4.379500,1.614792,1.266000e-05,65807
4800,3504.7,235929600,7.5000,75.6,0.9800,0.8800,2290.4,-0.002219,2.474422,1.619384,1.206000e-05,64067
4810,3512.0,236421120,-1.0000,187.2,0.8800,0.4600,2301.6,-0.002067,5.454217,1.544774,1.146000e-05,67560
4820,3519.1,236912640,5.9000,84.3,0.9200,0.8100,2273.5,-0.002475,3.034833,1.635347,1.086000e-05,66089
4830,3526.3,237404160,5.3000,86.8,0.9300,0.7800,2256.3,-0.002073,2.641009,1.650631,1.026000e-05,66360
4840,3533.4,237895680,9.7500,60.9,0.9900,0.9900,2247.6,-0.000370,9.184143,1.532842,9.660000e-06,73562
4850,3540.5,238387200,-3.0500,214.1,0.7300,0.4100,2144.1,-0.001435,5.539281,1.550094,9.060000e-06,67221
4860,3547.6,238878720,-1.3500,210.1,0.7900,0.4800,2199.9,-0.001460,5.013848,1.541837,8.460000e-06,68790
4870,3554.7,239370240,-0.4000,190.4,0.8600,0.5100,2182.0,-0.001441,5.176073,1.534364,7.860000e-06,68687
4880,3562.0,239861760,-2.0000,221.9,0.8100,0.4400,2213.6,-0.001737,4.234011,1.528431,7.260000e-06,68946
4890,3569.1,240353280,0.1500,151.1,0.9300,0.5200,2162.1,-0.001074,4.227616,1.564294,6.660000e-06,67835
4900,3576.4,240844800,-1.6500,194.6,0.8600,0.4400,2225.5,-0.001482,4.926273,1.556142,6.060000e-06,70735
4910,3583.6,241336320,0.0500,184.1,0.9200,0.5100,2297.0,-0.001156,4.871157,1.582116,5.460000e-06,68769
4920,3590.8,241827840,-2.3000,186.8,0.9100,0.4000,2262.6,-0.000869,4.858126,1.555077,4.860000e-06,66867
4930,3598.1,242319360,9.5000,64.4,0.9800,0.9800,2223.8,-0.000076,10.360629,1.551003,4.260000e-06,73988
4940,3605.2,242810880,-1.4000,183.3,0.9300,0.4400,2228.7,-0.000610,4.579285,1.551626,3.660000e-06,69252
4950,3612.5,243302400,-1.5500,191.4,0.9000,0.4400,2272.2,-0.000634,4.356980,1.571508,3.060000e-06,67425
4960,3619.6,243793920,-1.7500,185.1,0.8200,0.4400,2163.6,-0.000543,5.597296,1.564353,2.460000e-06,67455
4970,3626.8,244285440,-1.9500,199.3,0.9000,0.4200,2222.5,-0.000325,5.224584,1.555613,1.860000e-06,68043
4980,3634.0,244776960,5.3500,75.0,0.9900,0.7700,2255.5,-0.000282,3.679496,1.629350,1.260000e-06,65598
4990,3641.2,245268480,-0.9500,186.8,0.8500,0.4800,2233.9,-0.000130,4.438845,1.547053,6.600000e-07,67426
5000,3648.4,245760000,-2.9500,169.0,0.9100,0.3600,2126.9,-0.000015,5.219021,1.535264,6.000000e-08,68153
